,x,y,z,t,Pitchtype
0,2.91,54.2,6.2033000000000005,0,FF
1,1.934154670425109,44.51503910903765,5.815196648547977,0,FF
2,1.0106446135867513,35.353731993578066,5.493498482514744,0,FF
3,0.13574360373271457,26.67944272546668,5.2144814536515325,0,FF
4,-0.6939491359956058,18.458425497351072,4.9571193956145345,0,FF
5,-1.4815421171614485,10.659562988708627,4.7027623884638,0,FF
6,-2.229880838015387,3.2541320409534826,4.4348572068506265,0,FF
7,-2.9415736302767566,-3.78440656962216,4.138703843108659,0,FF
8,3.0,54.3,6.073300000000001,1,SL
9,2.509495715999982,46.113308769328306,6.145310069106545,1,SL
10,2.052749529455931,38.253037084575084,6.124517729996434,1,SL
11,1.6275947979638055,30.70081096398005,6.005394597810198,1,SL
12,1.2320279418310216,23.439442202806937,5.782977390070337,1,SL
13,0.8641948692136056,16.452842725922963,5.452814891074087,1,SL
14,0.5223786781074259,9.7259460922174,5.0109205115403315,1,SL
15,0.20498850067996874,3.244635466942005,4.4537298235102805,1,SL
16,-0.08945062898403272,-3.004322549609086,3.7780625249469493,1,SL
17,3.0,53.9,6.113300000000001,2,SL
18,2.5382294124403804,45.62622874056756,5.9732503117452325,2,SL
19,2.0952997941552787,37.681733269196755,5.805132103423171,2,SL
20,1.6702021788640973,30.048603392212897,5.5985783123374215,2,SL
21,1.2619943456997282,22.709980686309123,5.344158082544339,2,SL
22,0.8697958301963311,15.649990618137611,5.033293211063119,2,SL
23,0.4927833715531845,8.853679665527734,4.658182855990498,2,SL
24,0.1301867527826383,2.3069570223108684,4.211735631522951,2,SL
25,-0.2187150048672312,-4.003459493317001,3.687508316057151,2,SL
26,2.7,54.2,6.313300000000001,3,FF
27,1.8976185524567848,44.63144696663417,5.844133216185736,3,FF
28,1.11784830802289,35.59525382901679,4.965401416134815,3,FF
29,0.3599063000269359,27.0589147314205,3.7047479127618264,3,FF
30,-0.3769524979417052,18.992721165999257,2.0869758917263903,3,FF
31,-1.0934357479845416,11.369489562316561,0.13438954471504783,3,FF
32,-1.790214555895608,4.1643194629820055,-2.132909231803621,3,FF
33,-2.467924449014451,-2.6456216401845314,-4.696762129633587,3,FF
34,3.36,54.1,5.813300000000001,4,CH
35,2.644515623269928,45.05942591833862,5.78436348923245,4,CH
36,1.9449078825219541,36.283289685100655,5.779373296759732,4,CH
37,1.2606619768588416,27.76178263960024,5.787579769027823,4,CH
38,0.5912831685620796,19.485391454384477,5.79890198839431,4,CH
39,-0.06370407933137247,11.444892930620423,5.8038874903306805,4,CH
40,-0.7047569168930439,3.631348535476752,5.793674610227119,4,CH
41,-1.3323148759343975,-3.9639012687290816,5.7599572788303925,4,CH
42,3.12,54.2,6.2033000000000005,5,FF
43,2.2382690104711767,44.507129607644366,5.904783432239512,5,FF
44,1.3760152499034757,35.35018610236112,5.448748869647279,5,FF
45,0.5328827979775823,26.68952011445176,4.83538747319407,5,FF
46,-0.2915123505935174,18.489133345783628,4.065041587225934,5,FF
47,-1.0975738049984853,10.71628968543525,3.138179031621685,5,FF
48,-1.8857178453621712,3.3411740926060878,2.0553719446409735,5,FF
49,-2.656367766303465,-3.663407376272657,0.8172794123695215,5,FF
50,3.14,54.3,6.0833,6,SL
51,2.670321260212352,45.86768029052355,5.958233711033714,6,SL
52,2.198271268174707,37.78135481453922,5.660524906544433,6,SL
53,1.7245568630036436,30.021463874807935,5.191244518676417,6,SL
54,1.2498101406496531,22.56983984879491,4.551490132479613,6,SL
55,0.7745963951799144,15.409595475003655,3.742381237789691,6,SL
56,0.2994211903372671,8.525022498561732,2.765055452860265,6,SL
57,-0.17526333577571726,1.9014995788127589,1.6206655831728238,6,SL
58,-0.6490528432628997,-4.474591509812335,0.310377397625033,6,SL
59,3.09,54.3,6.233300000000001,7,FF
60,2.580826200569062,44.50241033590629,5.919939086710008,7,FF
61,2.0702376792471644,35.249679337081574,5.451288996624077,7,FF
62,1.5594249293432003,26.501244165742012,4.827338527388526,7,FF
63,1.0494052011110073,18.22029985523728,4.048250651490547,7,FF
64,0.5410467847983964,10.373396318856438,3.1143337306321763,7,FF
65,0.03508975707151057,2.9300851971368216,2.0260177370023915,7,FF
66,-0.4678362549471201,-4.137390412821506,0.7838346423402187,7,FF
67,3.04,54.1,6.113300000000001,8,FF
68,2.439502341638537,44.17030403764741,5.7268689271546895,8,FF
69,1.892324180064039,34.79096026688491,5.356402489978832,8,FF
70,1.393809482447442,25.921524497782436,4.983188290529019,8,FF
71,0.9397694280331136,17.525023151547266,4.590748850883026,8,FF
72,0.5264293265242261,9.567607884586728,4.164563416235722,8,FF
73,0.15038235760981955,2.018249991325394,3.6918278109055676,8,FF
74,-0.191450845868255,-5.151530596957063,3.1612466812798554,8,FF
75,3.19,54.3,6.1633000000000004,9,FF
76,2.5566594285875053,44.56644340411304,6.055024310771,9,FF
77,1.9770801178411175,35.367673932526465,5.937575342438305,9,FF
78,1.446660180454833,26.664578053746983,5.794579807531882,9,FF
79,0.9612525003834536,18.421371866843614,5.611635662234422,9,FF
80,0.5171138573365369,10.605273146219263,5.376067609641478,9,FF
81,0.11086049392183489,3.1862107694175035,5.07671581083731,9,FF
82,-0.2605707846348727,-3.863433292125188,4.703752910077251,9,FF
83,3.2,54.1,6.2233,10,FF
84,2.5227701499822626,44.48724333073672,6.015010351063033,10,FF
85,1.9065556450911811,35.39478703115584,5.73982085778455,10,FF
86,1.346104236099268,26.784538977968587,5.388012098638045,10,FF
87,0.8366859037348952,18.621743612337944,4.951094106724391,10,FF
88,0.3740341912554047,10.87464350324781,4.421651704822779,10,FF
89,-0.04570501768042157,3.5141806069233414,3.7932112141000722,10,FF
90,-0.42601832922744926,-3.486268042664861,3.060125357875504,10,FF
91,3.02,54.3,6.2033000000000005,11,SL
92,2.486197977891092,46.233767311478665,6.045136660396024,11,SL
93,1.9526183063409244,38.48530232474119,5.654852129864271,11,SL
94,1.419784924024965,31.038143522674485,5.038118981061636,11,SL
95,0.888165777399245,23.876988287181845,4.200257638138564,11,SL
96,0.35817887895741807,16.987602467637902,3.1462674973585028,11,SL
97,-0.1698022908588752,10.356738101202337,1.8808553922173563,11,SL
98,-0.6954439619894195,3.972058437641762,0.40846167130084,11,SL
99,-1.2184477668351754,-2.177930481568895,-1.2667158743203726,11,SL
100,3.27,54.0,6.0333000000000006,12,SL
101,2.859598328636218,45.836030564896966,5.883475911288978,12,SL
102,2.4442715024388644,37.99695268795031,5.501342501280186,12,SL
103,2.0248298983815407,30.465747295570345,4.892642628389804,12,SL
104,1.6020062759711795,23.226602123481044,4.0627581817849645,12,SL
105,1.176463662155543,16.26481660966095,3.0167421225591182,12,SL
106,0.7488024013316511,9.566715450383212,1.759347758729067,12,SL
107,0.31956646655596854,3.119569910894091,0.29505553660987904,12,SL
108,-0.11075088402876986,-3.0884739126372636,-1.3719024022386637,12,SL
109,3.12,54.4,6.3033,13,FF
110,2.604140839091544,44.85837513972546,5.943650289979753,13,FF
111,2.0904755643629414,35.84005475492372,5.2338187337287305,13,FF
112,1.5797961358904007,27.310938430557844,4.194708967283088,13,FF
113,1.072776156826336,19.239965529139745,2.8451160883162805,13,FF
114,0.5699878209066949,11.598805406221306,1.2019777167608545,13,FF
115,0.07191639866054729,4.361584135238452,-0.7194073853900824,13,FF
116,-0.4210273561244567,-2.4953571556918157,-2.9051884484275585,13,FF
117,3.19,54.4,6.193300000000001,14,FF
118,2.380520194030346,44.894984813293824,6.019325582509355,14,FF
119,1.6326907094938006,35.89878048240869,5.8294556502012975,14,FF
120,0.9414852835368658,27.374957862590065,5.608569666083097,14,FF
121,0.30235722830241163,19.290124495148348,5.34333361810545,14,FF
122,-0.28881255059639743,11.613632205396602,5.021983344165467,14,FF
123,-0.8357611342356068,4.317317296030373,4.63413668816175,14,FF
124,-1.3418836503126583,-2.6247307772467647,4.170630328453024,14,FF
125,3.03,54.1,6.4633,15,FF
126,2.3175525396521053,44.45166903259975,6.49337373888279,15,FF
127,1.6427562190345033,35.33364492501123,6.563591499026893,15,FF
128,1.0029340100587019,26.708188835439937,6.651961177234553,15,FF
129,0.3956418837891391,18.540579980104138,6.739047916599366,15,FF
130,-0.18135486535411588,10.798838837069601,6.807665187546717,15,FF
131,-0.7301024964431295,3.4534796351903236,6.842606616799,15,FF
132,-1.252477273899729,-3.5227113642580354,6.830412715672903,15,FF
133,3.23,54.1,5.9133000000000004,16,CH
134,2.596295588861961,44.93284660318086,5.532721714226844,16,CH
135,1.9906922839298153,36.04753499763669,4.659299164124494,16,CH
136,1.4119916950736302,27.442556916951382,3.3127779801939057,16,CH
137,0.8590661692909203,19.11632689598535,1.5118111797545182,16,CH
138,0.3308542630137844,11.067207434197947,-0.7259630450972951,16,CH
139,-0.17364348945015093,3.2935309313478163,-3.383848722842797,16,CH
140,-0.655368534407107,-4.206381284585529,-6.446024303903121,16,CH
141,3.04,54.3,6.0033,17,SL
142,2.611638290281645,46.23714160625666,5.831921538618276,17,SL
143,2.180298483434717,38.49012327426942,5.484003407445095,17,SL
144,1.7466403300263074,31.041831847180596,4.960926969739127,17,SL
145,1.3112582240375759,23.87633319373417,4.264072083966167,17,SL
146,0.8746878367352577,16.9787813792334,3.39481579606215,17,SL
147,0.43741205586917786,10.335335907711945,2.3545315909279974,17,SL
148,-0.00013369114119323594,3.93308621211435,1.1445891197501714,17,SL
149,-0.43755666107717406,-2.2400173379883443,-0.23364566908813855,17,SL
150,2.96,54.0,6.023300000000001,18,FF
151,2.0578570109877523,44.44044875221871,5.540964660387364,18,FF
152,1.2183566368138212,35.412607675177014,4.593865561449354,18,FF
153,0.4366346522787477,26.88666467682444,3.2155986575084157,18,FF
154,-0.291697946045823,18.835220892132384,1.436302066527712,18,FF
155,-0.9706077476490186,11.233075192611892,-0.7169296630264128,18,FF
156,-1.6036851058726218,4.057030476996941,-3.219685011006347,18,FF
157,-2.1941846224540638,-2.714280755535602,-6.049920930979612,18,FF
158,2.83,54.3,6.2033000000000005,19,SL
159,2.417745222838108,46.1243779589364,6.073778899378335,19,SL
160,2.0161830056642955,38.270805155116065,5.903374619596875,19,SL
161,1.6248973552590027,30.721771369375904,5.682823738963314,19,SL
162,1.243492890253143,23.460804647193974,5.403705406999895,19,SL
163,0.8715937534701159,16.47240342704125,5.0583664269562005,19,SL
164,0.5088425948981546,9.741973751152754,4.6398537466726415,19,SL
165,0.15489961992196954,3.2557711246157344,4.141853575688688,19,SL
166,-0.19055830212021474,-2.99915337076078,3.5586364365098353,19,SL
167,3.07,54.4,6.1233,20,SL
168,2.8843984456790364,46.38870813955249,6.091780954851882,20,SL
169,2.7148269303115073,38.68810727727247,5.995332170602425,20,SL
170,2.560232514511849,31.281279168046634,5.826563845188322,20,SL
171,2.419640795975864,24.152325867862057,5.578775939297844,20,SL
172,2.29214950301565,17.286301723004023,5.245896888377833,20,SL
173,2.176922673165335,10.669150571017237,4.822428413025131,20,SL
174,2.07318535723033,4.2876476953747655,4.303395785179195,20,SL
175,1.9802187958307516,-1.870653879904777,3.6843029811357284,20,SL
176,3.11,54.3,6.0933,21,FF
177,2.576609307623075,44.89430468398145,5.990335693517972,21,FF
178,2.0946832073677943,35.988153801357576,5.8074091362370455,21,FF
179,1.6597856997036318,27.545533509766116,5.536141481109809,21,FF
180,1.2679185926781602,19.533533751985274,5.169222388994764,21,FF
181,0.9154729039317444,11.922039189598726,4.7002769517537075,21,FF
182,0.5991863415958729,4.683455730281084,4.123750806518812,21,FF
183,0.3161060171965863,-2.207531988195146,3.4348107766431166,21,FF
184,3.12,54.6,6.073300000000001,22,SL
185,2.894608418149054,46.7424197329639,6.042120586991593,22,SL
186,2.6581979616149387,39.18507648708969,5.773604786099045,22,SL
187,2.4118100506599665,31.91277507137649,5.273534784449803,22,SL
188,2.156396985261403,24.911374263507955,4.5473387554802525,22,SL
189,1.8928302605831795,18.167706469036688,3.60012166550859,22,SL
190,1.6219080531928538,11.669504461527659,2.436693514666804,22,SL
191,1.344361969202988,5.405334480976476,1.0615952661249437,22,SL
192,1.0608631345230919,-0.6354649510234145,-0.5208773117655405,22,SL
193,3.45,54.4,6.0033,23,SL
194,3.119629298234754,46.29313214318865,5.7304181712127304,23,SL
195,2.790683706226,38.51117782044736,5.060346457817934,23,SL
196,2.463415177371849,31.042802397617677,4.011739287162881,23,SL
197,2.138051203564936,23.877372392403025,2.6018604974172366,23,SL
198,1.8147975569099566,17.004915415049894,0.8467120558861823,23,SL
199,1.493840741301362,10.416082422776245,-1.2388494468128424,23,SL
200,1.1753501860011595,4.102112129982873,-3.641007222491074,23,SL
201,0.8594802094022131,-1.9452025758227074,-6.346888484402308,23,SL
202,3.2,54.2,6.1233,24,FF
203,2.4176542547052953,44.63355110167405,5.544184322837207,24,FF
204,1.656873625943716,35.60163541102623,4.561513475477953,24,FF
205,0.916961353568208,27.071607590787597,3.2025076618977426,24,FF
206,0.1972501718101447,19.013633166812134,1.491591513254526,24,FF
207,-0.5028973247447024,11.400414446698605,-0.5492698543294443,24,FF
208,-1.184088667850843,4.206947229431044,-2.900278554286907,24,FF
209,-1.8469017754986121,-2.5896956481057214,-5.54354907346478,24,FF
210,3.34,54.1,6.0433,25,FF
211,2.4239104210979043,44.53832710916514,5.396237386131789,25,FF
212,1.5432753441078506,35.51570900738494,4.30016855039012,25,FF
213,0.6962090684315556,27.001334194549617,2.7874154607650437,25,FF
214,-0.11902130906366493,18.966924484349114,0.8869688572330054,25,FF
215,-0.9040098724472652,11.38650328224303,-1.3751114240801918,25,FF
216,-1.6602243540841897,4.236187964781966,-3.9753481708056113,25,FF
217,-2.3890172826059572,-2.5059964969417456,-6.8925430486754955,25,FF
218,3.16,54.0,6.023300000000001,26,FF
219,2.249136564732387,44.425573481537576,5.792576926853999,26,FF
220,1.4060787635753211,35.36650237027491,5.552584304737109,26,FF
221,0.6253149788243484,26.78573854304425,5.287519723781867,26,FF
222,-0.09814005926023717,18.6493370794238,4.9834484719600765,26,FF
223,-0.7688024981876167,10.926155751203705,4.628076111619938,26,FF
224,-1.3907695116144858,3.587588201610521,4.2105514558458825,26,FF
225,-1.9677633492895819,-3.392673460791002,3.721295535058853,26,FF
226,3.24,54.3,6.1333,27,SL
227,2.820268559460063,46.26900857714058,6.105569393097965,27,SL
228,2.39640293880095,38.55246846082427,5.840545092693838,27,SL
229,1.9691369817929267,31.13408392353684,5.344134942602216,27,SL
230,1.539134058997052,23.998706086682873,4.62187661929459,27,SL
231,1.1069942199365637,17.132243652998245,3.678970132703851,27,SL
232,0.6732605933738522,10.52158167777178,2.520307555972922,27,SL
233,0.238425121501813,4.154507543886849,1.1505002644875002,27,SL
234,-0.1970662968421122,-1.9803565987546174,-0.42609606828180047,27,SL
235,2.52,53.4,6.3033,28,SL
236,1.8075986014538514,46.40272102231576,5.4378834164388365,28,SL
237,1.1095413390750348,39.632826463988586,4.475157886480751,28,SL
238,0.42542991094993127,33.07951014758734,3.4119673315010925,28,SL
239,-0.24511727884488999,26.732570552893556,2.245462156887066,28,SL
240,-0.9024656841750858,20.582373638549225,0.9730767473012185,28,SL
241,-1.5469651661079644,14.61981822280072,-0.40749098261001593,28,SL
242,-2.178950527602372,8.836303715694626,-1.8982981792647333,28,SL
243,-2.79874203384273,3.2237000138408867,-3.501173960446228,28,SL
244,-3.406645918517861,-2.225680614209152,-5.217734804830061,28,SL
245,3.16,54.4,6.2233,29,SL
246,2.6857296016957317,46.3319849954544,6.26379123316801,29,SL
247,2.2191820114858993,38.581951506898484,6.229276650073899,29,SL
248,1.7602304168481322,31.13229758862758,6.112952157831695,29,SL
249,1.308743616269929,23.966512439966984,5.908668864909468,29,SL
250,0.8645872234420099,17.06910126193702,5.610873565897345,29,SL
251,0.42762471698034715,10.42551607905955,5.214555278976622,29,SL
252,-0.0022816455005416764,4.0220919834786475,4.715197185908808,29,SL
253,-0.4252700325486602,-2.1540116869303323,4.108733400221767,29,SL
254,3.27,54.4,6.1033,30,SL
255,2.8915115703698384,46.35548598180579,5.8423025778016475,30,SL
256,2.5481554197681717,38.62547617570569,5.318489526896284,30,SL
257,2.2376128699759796,31.19461744889522,4.539980727897963,30,SL
258,1.9577463971088636,24.04863162534938,3.5143461259290474,30,SL
259,1.7065838763047825,17.174232960805288,2.248655511816997,30,SL
260,1.4823043464100336,10.559052941372203,0.7495237837571151,30,SL
261,1.2832251294182715,4.1915716497981474,-0.9768478379013636,30,SL
262,1.107790159202365,-1.9389449705985307,-2.924634226544144,30,SL
263,3.15,54.1,6.063300000000001,31,SL
264,2.6801759939786938,46.0608333436494,6.051128168256559,31,SL
265,2.2424279269991363,38.33487555780648,5.944031600248619,31,SL
266,1.834736050325572,30.904807114006562,5.736880755815938,31,SL
267,1.4552301702479202,23.754408990682787,5.425066439933353,31,SL
268,1.1021774236444255,16.868484641124894,5.004452075432761,31,SL
269,0.7739711816451926,10.232788349510654,4.47133093886066,31,SL
270,0.4691209646850399,3.8339593746949685,3.8223878189578047,31,SL
271,0.18624326551199866,-2.3405386561986297,3.0546646209121215,31,SL
272,3.28,54.2,5.9133000000000004,32,CH
273,2.535969710128329,45.089382850539955,5.732343801760614,32,CH
274,1.834779504100753,36.24256477430801,5.501917369595799,32,CH
275,1.1743566012295854,27.648686908535492,5.2156922434971476,32,CH
276,0.5527438145870021,19.297358222946414,4.867779832738221,32,CH
277,-0.031907436994839,11.178634170368914,4.452702541922209,32,CH
278,-0.5813436425881557,3.282996420290734,3.9653670358794026,32,CH
279,-1.0972152746201733,-4.398666387126726,3.4010394760556695,32,CH
280,3.21,54.2,6.3333,33,FF
281,2.590734495624195,44.66220178061868,6.231358447181123,33,FF
282,2.028669079315832,35.638221749047624,6.054017190175231,33,FF
283,1.518868836699027,27.090556554715743,5.7922879363790365,33,FF
284,1.056889034535209,18.984974273424616,5.438332728855601,33,FF
285,0.6387202119862515,11.290184274018946,4.985319042656474,33,FF
286,0.2607402134984784,3.977545609919095,4.427294892145257,33,FF
287,-0.08032781458434479,-2.979191147958559,3.7590809829319967,33,FF
288,3.27,54.4,6.2133,34,SL
289,2.8413943101178933,46.42810942050828,6.153032522203254,34,SL
290,2.4428717518122913,38.76331678187385,5.997207722659035,34,SL
291,2.0725426059935708,31.388792684065905,5.740863669533468,34,SL
292,1.7286564387472065,24.28876891218884,5.379539591261978,34,SL
293,1.4095907874703166,17.44846387083351,4.9092304552217625,34,SL
294,1.113840882873752,10.85401406278848,4.326346235122528,34,SL
295,0.8400103005233932,4.492411048956956,3.6276753608082917,34,SL
296,0.5868024475926248,-1.648556615688951,2.8103519032286295,34,SL
297,3.13,54.1,6.4333,35,FF
298,2.3980472675007554,44.408701127450044,5.951577087368814,35,FF
299,1.7343924216587416,35.2551882918932,5.147777700129549,35,FF
300,1.1331022628015004,26.60312626710368,4.040338450899139,35,FF
301,0.5888508915574516,18.41948873873469,2.6458222588853997,35,FF
302,0.09684928663475018,10.674212118848377,0.9791441339369222,35,FF
303,-0.34721593101732284,3.339891212677269,-0.9462325741970283,35,FF
304,-0.7472358855606125,-3.60848900702587,-3.1181251386100133,35,FF
305,3.15,53.8,6.0933,36,SL
306,2.691347976538793,45.629462163743014,5.763510837596806,36,SL
307,2.2296800527734817,37.78468437582675,5.208604810018398,36,SL
308,1.7657168928410107,30.248709277579334,4.433964840205678,36,SL
309,1.3001082248754414,23.005777926277048,3.4446420525173824,36,SL
310,0.8334401780607019,16.041235524666508,2.245385437247807,36,SL
311,0.3662418371905409,9.341445704759899,0.8406689662258731,36,SL
312,-0.10100889502329831,2.8937124718836857,-0.7652835820782622,36,SL
313,-0.5678800490173384,-3.313790981877961,-2.5684758599686313,36,SL
314,2.98,53.7,6.1733,37,SL
315,2.5212789587890345,45.48653154343816,6.034986142317181,37,SL
316,2.0751295577322444,37.59803737025418,5.858057971689327,37,SL
317,1.6410362433148538,30.016807489943474,5.633043612900652,37,SL
318,1.2185105966393128,22.726184468448796,5.351333426806939,37,SL
319,0.8070897619529132,15.710494408883104,5.0051030733456,37,SL
320,0.40633498779366556,8.954983117372178,4.587244203794417,37,SL
321,0.015830271240667784,2.4457570100017527,4.091301973871738,37,SL
322,-0.36481890335463163,-3.830271641547585,3.5114186626875123,37,SL
323,3.15,54.2,6.3333,38,FF
324,2.318518194706663,44.62793545436601,5.741734284829976,38,FF
325,1.5381139573458404,35.594025492813145,4.664997411894096,38,FF
326,0.805037998832253,27.06924507926445,3.1391865016285827,38,FF
327,0.11590009456514239,19.026843602946478,1.1966819216890336,38,FF
328,-0.5323701085532908,11.442151860660303,-1.133407550896334,38,FF
329,-1.142557428814711,4.292407133546202,-3.824857184683881,38,FF
330,-1.7171913104646124,-2.4434055244625417,-6.853988096346445,38,FF
331,3.21,54.3,6.1433,39,SL
332,2.84418908842737,46.264863113772535,5.99354872038056,39,SL
333,2.5129394563418423,38.54297122674879,5.576725772365206,39,SL
334,2.213964054251122,31.118983951745907,4.901158730500504,39,SL
335,1.9451550131087925,23.978636466492762,3.974607819945388,39,SL
336,1.7045680401492,17.108656935843058,2.8043171246381196,39,SL
337,1.490408322864065,10.49669127555964,1.3970611454296067,39,SL
338,1.3010177768603013,4.131234498609225,-0.24081280438473351,39,SL
339,1.134863493032551,-1.9984320286918305,-2.103345936967062,39,SL
340,3.12,54.2,6.1333,40,FF
341,2.357541489730952,44.55848895307033,5.443140673483685,40,FF
342,1.6156102015852236,35.462334472676055,4.3526490349520435,40,FF
343,0.8936013002036465,26.877890457272493,2.8891593304470256,40,FF
344,0.19092951833604518,18.77442879972264,1.0771749123367558,40,FF
345,-0.492969264108289,11.123852187078336,-1.061288803150441,40,FF
346,-1.1586369628447395,3.900439447817571,-3.5064064013475362,40,FF
347,-1.8065926480946908,-2.919380766707754,-6.240282987635436,40,FF
348,2.93,54.3,6.3033,41,FF
349,2.218552148309529,44.78785253954376,6.141184984686621,41,FF
350,1.5691027736138954,35.78589842171938,5.906189907866763,41,FF
351,0.9763948624638725,27.257055036865836,5.5892207577684205,41,FF
352,0.4356883022620027,19.167463459638796,5.182337205042794,41,FF
353,-0.0572975666305065,11.486164237874476,4.678608171248374,41,FF
354,-0.5064341803615987,4.184810889792926,4.071987253934008,41,FF
355,-0.9152277742982091,-2.762583850705101,3.3572050759563643,41,FF
356,3.27,54.1,5.7933,42,CH
357,2.3073324456505073,45.17572047280626,5.521825649493866,42,CH
358,1.3471069342887307,36.51017923204663,5.116474117680858,42,CH
359,0.3897123803176248,28.092554183774578,4.575877735001923,42,CH
360,-0.5644969534296654,19.912567214726366,3.898818367586526,42,CH
361,-1.5151985805269963,11.96045410447445,3.0842171488973964,42,CH
362,-2.462099146513925,4.226936341880216,2.1311251044850374,42,CH
363,-3.4049319955835387,-3.296805294690291,1.038714592680858,42,CH
364,2.86,54.2,6.3433,43,FF
365,2.023555678338368,44.757165546392486,6.156448257737478,43,FF
366,1.2073488655312854,35.82162556526338,5.873566178687739,43,FF
367,0.4108108784377399,27.356513725554944,5.488084968878143,43,FF
368,-0.3666266190370402,19.32819873082123,4.994314357899467,43,FF
369,-1.1255273545399074,11.705956222708364,4.387331161612545,43,FF
370,-1.8664470676542444,4.461679127433754,3.662883383401938,43,FF
371,-2.589930853151767,-2.4303786465388644,2.8173075444820794,43,FF
372,2.97,54.2,6.3433,44,FF
373,2.4380549471011874,44.58151218496293,5.951704557487538,44,FF
374,1.9626330893861506,35.49143538814035,5.234680532164398,44,FF
375,1.5387078591131305,26.89437111568524,4.210677698280087,44,FF
376,1.1617699897785532,18.75812253014411,2.896288320925262,44,FF
377,0.8277674180590988,11.05336219987204,1.306469031977707,44,FF
378,0.5330530143824259,3.7533397092041123,-0.5452660612694336,44,FF
379,0.27433900531651095,-3.166376302504251,-2.646676857842069,44,FF
380,2.91,54.4,6.1333,45,SL
381,2.5862070802664974,46.27288359936524,6.039541408690423,45,SL
382,2.2541919611402244,38.467349851651505,5.711188118499873,45,SL
383,1.9149248247699395,30.96660159294088,5.154073065873168,45,SL
384,1.5692874360127707,23.7550302367978,4.373662166945178,45,SL
385,1.2180818230522008,16.818122449176176,3.375086765852564,45,SL
386,0.8620380558021136,10.142375297420287,2.1631732906043464,45,SL
387,0.5018212247654246,3.715218987035282,0.7424704011523464,45,SL
388,0.13803771023129818,-2.475053597878335,-0.8827261192252776,45,SL
389,3.12,54.6,6.153300000000001,46,SL
390,2.6956765305994375,46.56835202479714,5.84877762979304,46,SL
391,2.276552477714935,38.85665998858179,5.1511586132326075,46,SL
392,1.8626892559939727,31.453911718514615,4.0786491231762545,46,SL
393,1.4541381865267988,24.349774802197288,2.6481114058623207,46,SL
394,1.050942065135344,17.53455806866782,0.8751875776818345,46,SL
395,0.6531365489321445,10.99917526306457,-1.2255882345357683,46,SL
396,0.2607513815320481,4.7351107656720774,-3.640688177008339,46,SL
397,-0.12618852524569743,-1.2656127864731856,-6.357498291487596,46,SL
398,3.04,54.2,6.153300000000001,47,FF
399,2.3712435836647257,44.63759170364866,5.847116769889887,47,FF
400,1.7679322644887454,35.59404581937772,5.288437326503505,47,FF
401,1.2243581308186675,27.032917116747893,4.4876323117871735,47,FF
402,0.7353936103180334,18.92109359105587,3.4541059382758155,47,FF
403,0.2964248019192496,11.228445299886635,2.1964074023730467,47,FF
404,-0.09670657432328894,3.927515915953778,0.7223284514294375,47,FF
405,-0.4477538518447239,-3.00674888340606,-0.9610109381672856,47,FF
406,3.02,54.2,6.113300000000001,48,FF
407,2.4561709343217717,44.56886686271663,5.954133388737388,48,FF
408,1.9135284160217525,35.46085714331782,5.8290426278209875,48,FF
409,1.3908909603629809,26.838856894736896,5.717300003892952,48,FF
410,0.8871605738824457,18.668743057847344,5.600573208091804,48,FF
411,0.4013157926141368,10.919106227782956,5.462637356480138,48,FF
412,-0.06759458046628757,3.5610031161233175,5.289124922928905,48,FF
413,-0.5204571195404541,-3.432264884169558,5.067308152081702,48,FF
414,3.18,54.3,6.023300000000001,49,SL
415,3.1196033517574624,46.176043747883355,5.8252475857557116,49,SL
416,3.0406151530955863,38.372514657550454,5.3967213473625355,49,SL
417,2.944542853446068,30.872790670517322,4.743337209355839,49,SL
418,2.832768107284055,23.66142145611337,3.8703622382041325,49,SL
419,2.7065583381412317,16.724036731728305,2.7827455809671706,49,SL
420,2.5670771441346716,10.047262869825168,1.4851467539119412,49,SL
421,2.415393673881448,3.618646928315601,-0.018038450443997434,49,SL
422,2.252491085933304,-2.5734126598709928,-1.722654200941239,49,SL
423,2.92,54.3,6.3333,50,FF
424,2.3737336973290795,44.54805794239469,5.83486774545243,50,FF
425,1.885975803779923,35.340717519301165,5.014219729931601,50,FF
426,1.4514551547651349,26.64095701182617,3.8899422330995623,50,FF
427,1.065449216106803,18.415141641060465,2.478721841402355,50,FF
428,0.7237195799053758,10.632667375977611,0.7955754422933634,50,FF
429,0.4224559642986002,3.265648018032519,-1.1459500216719574,50,FF
430,0.15822746788178593,-3.711360405422285,-3.3336035917558635,50,FF
431,2.91,54.4,6.1233,51,SL
432,2.5338635798941307,46.21496603306479,5.819447399896443,51,SL
433,2.193744251402042,38.35575506929455,5.253543011965719,51,SL
434,1.8872174904644825,30.806176446681068,4.433837015857871,51,SL
435,1.6120506643797063,23.551184603078283,3.3680114222926347,51,SL
436,1.366186097608403,16.576789775684112,2.0632320428204958,51,SL
437,1.147725796565951,9.869976751208423,0.5261956579509575,51,SL
438,0.9549176505658566,3.4186308252113973,-1.2368271062068124,51,SL
439,0.7861429482685893,-2.7885297738766743,-3.2199527443219855,51,SL
440,3.03,53.7,6.073300000000001,52,SL
441,2.84600284170674,45.71037144736499,6.104810705798739,52,SL
442,2.677908995572717,38.0311342860663,6.068002558630133,52,SL
443,2.5246728983856337,30.645333672972793,5.955656723530543,52,SL
444,2.3853270902912755,23.53703960841498,5.761232560585263,52,SL
445,2.258975838674956,16.691278507922735,5.478807176504497,52,SL
446,2.1447893447701283,10.09397002802554,5.103021005707438,52,SL
447,2.041998473578766,3.731868683460363,4.629028785099671,52,SL
448,1.9498899543437922,-2.407490162045308,4.0524553595989525,52,SL
449,2.96,54.4,6.2933,53,FF
450,2.5312057325293082,44.91150729863962,6.130780272427273,53,FF
451,2.100021037562725,35.93716483221683,5.608870038974969,53,FF
452,1.6675252696792238,27.443658604951104,4.748946467094277,53,FF
453,1.2346547372091046,19.40063035491076,3.570242324541295,53,FF
454,0.8022220434040953,11.78037819641738,2.0900995008411583,53,FF
455,0.3709327015934055,4.557592369552538,0.3241899601180216,53,FF
456,-0.05860056097434862,-2.2908785912506224,-1.7132911909709647,53,FF
457,3.01,54.8,6.0933,54,SL
458,2.6097687546489214,47.0487115456722,5.895095473963688,54,SL
459,2.232280281539838,39.59275198892812,5.29522757211814,54,SL
460,1.8762596174765112,32.423312967930414,4.311779700997009,54,SL
461,1.5405266735500216,25.532096391859287,2.9615406244134936,54,SL
462,1.2239884799080916,18.911291760724207,1.2601211026789576,54,SL
463,0.925632121440199,12.553554109546834,-0.7779400302917865,54,SL
464,0.6445182929564772,6.45198258875537,-3.1390792756942156,54,SL
465,0.3797754106453265,0.600099681798143,-5.810620413763418,54,SL
466,0.1305942237908403,-5.008168947167981,-8.78069414227588,54,SL
467,3.19,54.2,6.0333000000000006,55,FF
468,2.487916063186141,44.50595867582371,5.56354881761282,55,FF
469,1.8028922395681821,35.35751517551564,4.679668076099447,55,FF
470,1.1345485190226972,26.720866903313873,3.410146165622108,55,FF
471,0.4825035576540952,18.565149112539956,1.780506776448206,55,FF
472,-0.15362150259653165,10.862145358204408,-0.1863313105984825,55,FF
473,-0.7742000120022823,3.586030854321702,-2.4697418483255738,55,FF
474,-1.3795974440476513,-3.2868555340054364,-5.0511192098258,55,FF
475,3.08,54.2,6.063300000000001,56,FF
476,2.55675715669396,44.55979548132231,5.415360209306007,56,FF
477,2.0758424275946905,35.464030018195096,4.308314708153548,56,FF
478,1.6337726769760494,26.88181891141671,2.7757261492892775,56,FF
479,1.2274129573427321,18.784799860996188,0.8476813729982486,56,FF
480,0.8539369922625786,11.14690464186009,-1.4487894833440902,56,FF
481,0.5107926950566277,3.944154184217245,-4.089348562726112,56,FF
482,0.1956720042132054,-2.845525666963257,-7.052032635830155,56,FF
483,3.07,54.4,6.1833,57,FF
484,2.568971108931498,44.6748750793999,5.687156285798355,57,FF
485,2.068883452620594,35.495380521287494,4.843730871870928,57,FF
486,1.5706830564788852,26.82520731008796,3.6743054180005372,57,FF
487,1.0751777132027958,18.63133452401187,2.1979707625057534,57,FF
488,0.583056723419348,10.883687917686668,0.4318925003332237,57,FF
489,0.0949077447177432,3.5548394629130846,-1.6084584090556393,57,FF
490,-0.3887687973340507,-3.380257738257731,-3.9091048639316384,57,FF
491,3.08,54.2,6.2033000000000005,58,FF
492,2.421298936707771,44.53573877904768,5.959386813447468,58,FF
493,1.7890395731511906,35.39637158376312,5.756334220469786,58,FF
494,1.1816607586182013,26.744694069502298,5.5728417708932785,58,FF
495,0.5977185804306404,18.54649983652776,5.390063930504789,58,FF
496,0.03587590984483524,10.77030243736975,5.1913150327137565,58,FF
497,-0.5051069345871604,3.38708717080992,4.9618131012343305,58,FF
498,-1.026380543449433,-3.6299109425152833,4.688456965879824,58,FF
499,3.15,54.4,5.8533,59,CH
500,2.57644753602995,45.40510033036551,5.411337881365238,59,CH
501,1.9968289639535524,36.6810291877622,4.587816457609409,59,CH
502,1.4118628124535295,28.22186534316778,3.3957099575184473,59,CH
503,0.8222225092037849,20.02196677032155,1.847275100865534,59,CH
504,0.2285398414290185,12.075961498805892,-0.04589715888268664,59,CH
505,-0.3685918430995699,4.378738571264289,-2.272833539343325,59,CH
506,-0.9686146736004796,-3.0745608847039327,-4.823133692385518,59,CH
507,3.13,54.3,6.1433,60,FF
508,2.555735422659626,44.79824942458195,5.89937889507554,60,FF
509,2.0359026134810074,35.804126624226875,5.586453584674599,60,FF
510,1.5658057578675244,27.28090547085721,5.195226514181986,60,FF
511,1.1412138631551367,19.19504084037162,4.717566052675662,60,FF
512,0.7583089165909918,11.515849852708717,4.146361640593008,60,FF
513,0.4136405637303018,4.2152300530799245,3.475398741560309,60,FF
514,0.10408639348946008,-2.732590308558193,2.6992506869110837,60,FF
515,3.1,54.2,6.073300000000001,61,FF
516,2.531520701995876,44.536582977224235,5.595825098674016,61,FF
517,1.9727481701559841,35.41474537577292,4.706005897166346,61,FF
518,1.4238187162468925,26.801107651001626,3.432030920032677,61,FF
519,0.8848193571938038,18.66518119833164,1.7991678698344196,61,FF
520,0.35579673342424456,10.97908462010804,-0.16988312032468844,61,FF
521,-0.16323539162997142,3.7172920997501615,-2.4546826051545136,61,FF
522,-0.6722898204287746,-3.1435902671328373,-5.036784543058917,61,FF
